{"train_loss": [1.1016856204768468, 0.784276070348885, 0.646124804567863, 0.5478872955513642, 0.5325659878318085, 0.33054870888256704, 0.2701346738172085, 0.23589086165075346, 0.1861855677942925, 0.21434048633404376, 0.13411647784252204, 0.10910982389270324, 0.10422756345190877, 0.08238549458255548, 0.08179595165639582], "val_loss": [1.9694071965558189, 0.814344584941864, 0.9919971483094352, 0.6990445107221603, 0.9597675651311874, 0.5366768805044038, 0.5547205308186156, 0.4767563907163484, 0.6753762704985482, 0.6559794023633003, 0.39765947924128603, 0.4456267463309424, 0.4786046977554049, 0.4979528438832079, 0.4420062628175531], "val_acc": [0.47362514029180697, 0.7194163860830527, 0.6891133557800224, 0.77665544332211, 0.6891133557800224, 0.8361391694725028, 0.8294051627384961, 0.8338945005611672, 0.8181818181818182, 0.813692480359147, 0.8754208754208754, 0.8709315375982043, 0.8709315375982043, 0.8641975308641975, 0.8720538720538721]}