{"train_loss": [1.1150901782673035, 0.8158514302541322, 0.6955906679277463, 0.6250758097578057, 0.5508124934584571, 0.36341120937479987, 0.2857898295326618, 0.28865189003369734, 0.2655355835776158, 0.2649287675160731, 0.17119043893410485, 0.1267097989042945, 0.12414368373162275, 0.1115683492256387, 0.11482209995004762, 0.07593520609620173, 0.05720303905083727, 0.057552966974141084, 0.05502860288494872, 0.04825611211225858, 0.03226928864584843], "val_loss": [1.5494178065231867, 0.9804811073201043, 0.77625914982387, 0.7372891423957688, 0.7733651357037681, 0.5900532816137586, 0.5973832362464496, 0.5752236300281116, 0.45992771642548697, 0.6105521874768394, 0.4710113917078291, 0.4216260713125978, 0.4664062133857182, 0.4527070000767708, 0.43354402269635883, 0.3892894408532551, 0.3727128930123789, 0.42022564288760933, 0.4182798559112208, 0.39545804475034985, 0.3962233110464045], "val_acc": [0.5712682379349046, 0.7014590347923682, 0.755331088664422, 0.7485970819304153, 0.7609427609427609, 0.8080808080808081, 0.8181818181818182, 0.8294051627384961, 0.8496071829405163, 0.813692480359147, 0.867564534231201, 0.8653198653198653, 0.8653198653198653, 0.8720538720538721, 0.8686868686868687, 0.8855218855218855, 0.8956228956228957, 0.8787878787878788, 0.8866442199775533, 0.8945005611672279, 0.8978675645342312]}